id,year,venue,rating,domain,stage,status,title,keywords,paper_url,github_url,demo_url,web_url,summary,why_it_matters,notes_target
"1980-TASSP-MFCC","1980","IEEE TASSP","","ClassicFeatures","Feature","To read","Comparison of Parametric Representations for Monosyllabic Word Recognition in Continuously Spoken Sentences","MFCC；mel scale；cepstrum","https://doi.org/10.1109/TASSP.1980.1163420","","","","系统比较多种语音参数表示，并奠定 MFCC 作为经典声学前端的实践基础。","建立手工特征基线；后续可从感知尺度、去相关和动态特征三个维度理解神经前端的改进。","notes/1980-TASSP-MFCC"
"1990-JASA-PLP","1990","JASA","","ClassicFeatures","Feature","To read","Perceptual Linear Predictive (PLP) Analysis of Speech","PLP；critical bands；equal loudness","https://doi.org/10.1121/1.399423","","","","把听觉频谱、等响曲线与响度压缩纳入线性预测分析。","提供与 MFCC 不同的感知建模路径，适合分析传统 front-end 在噪声与信道变化下的归纳偏置。","notes/1990-JASA-PLP"
"1994-TSAP-RASTA","1994","IEEE TSAP","","RobustFeatures","Preprocess","To read","RASTA Processing of Speech","RASTA；channel robustness；temporal filtering","https://doi.org/10.1109/89.326616","","","","在特征轨迹上做带通式时间滤波，以削弱慢变信道影响和不相关的快速变化。","是鲁棒特征处理中“对时间调制谱施加先验”的经典起点，可与现代可学习归一化和增强模块对照。","notes/1994-TSAP-RASTA"
"2010-TASLP-WPE","2010","IEEE TASLP","","Dereverberation","Preprocess","To read","Speech Dereverberation Based on Variance-Normalized Delayed Linear Prediction","WPE；late reverberation；linear prediction","https://doi.org/10.1109/TASL.2010.2052251","https://github.com/fgnt/nara_wpe","","","用时变方差归一化的延迟线性预测估计并消除晚期混响。","WPE 仍是多通道远场前端的重要模块；理解其统计假设有助于判断神经去混响应替代还是补充它。","notes/2010-TASLP-WPE"
"2015-TASLP-PNCC","2015","IEEE/ACM TASLP","","RobustFeatures","Feature","To read","Power-Normalized Cepstral Coefficients (PNCC) for Robust Speech Recognition","PNCC；medium-time power；noise robustness","https://doi.org/10.1109/TASLP.2015.2461931","","","","利用中时功率估计、非对称噪声抑制和幂律非线性构造鲁棒倒谱特征。","为低算力或小数据条件提供强传统基线，也能启发可解释的神经特征归一化设计。","notes/2015-TASLP-PNCC"
"2016-ICASSP-Neural-Beamforming","2016","ICASSP","","Beamforming","Spatial","To read","Neural Network Based Spectral Mask Estimation for Acoustic Beamforming","spectral mask；spatial covariance；beamforming","https://doi.org/10.1109/ICASSP.2016.7471664","","","","用神经网络估计时频掩码，再由掩码计算语音与噪声空间协方差并求解波束形成器。","清晰展示“神经估计 + 可解释空间滤波”的混合范式，是多麦克风前端的核心参考。","notes/2016-ICASSP-Neural-Beamforming"
"2018-SLT-SincNet","2018","SLT","","LearnableFrontend","Feature","To read","Speaker Recognition from Raw Waveform with SincNet","SincNet；band-pass filters；raw waveform","https://arxiv.org/abs/1808.00158","https://github.com/mravanelli/SincNet","","","以参数化 sinc 带通滤波器替代首层普通卷积，直接从波形学习可解释滤波器组。","是研究可学习前端时最简洁的可解释基线，便于比较固定 mel、自由卷积和受约束滤波器。","notes/2018-SLT-SincNet"
"2019-TASLP-ConvTasNet","2019","IEEE/ACM TASLP","","SpeechSeparation","Separation","To read","Conv-TasNet: Surpassing Ideal Time-Frequency Magnitude Masking for Speech Separation","time-domain；TCN；learned encoder","https://arxiv.org/abs/1809.07454","","","","在时域学习编码器、分离掩码和解码器，绕开固定 STFT 表示与显式相位重建。","代表从手工时频前端转向端到端可学习分析/合成滤波器组的关键节点。","notes/2019-TASLP-ConvTasNet"
"2020-INTERSPEECH-DCCRN","2020","Interspeech","","SpeechEnhancement","Enhancement","To read","DCCRN: Deep Complex Convolution Recurrent Network for Phase-Aware Speech Enhancement","complex network；phase-aware；real-time","https://arxiv.org/abs/2008.00264","https://github.com/huyanxin/DeepComplexCRN","","","以复数卷积与复数循环结构联合估计幅度和相位，并面向实时降噪约束设计。","是复数谱建模与实时工程结合的代表作，可作为频域增强系统的强基线。","notes/2020-INTERSPEECH-DCCRN"
"2020-INTERSPEECH-DNS-Challenge","2020","Interspeech","","Benchmark","Evaluation","To read","The INTERSPEECH 2020 Deep Noise Suppression Challenge: Datasets, Subjective Testing Framework, and Challenge Results","DNS Challenge；P.808；real-world noise","https://arxiv.org/abs/2005.13981","https://github.com/microsoft/DNS-Challenge","","","建立面向真实噪声、实时单通道增强和可扩展主观评价的公开挑战体系。","提醒前端研究不能只看合成测试集与单一客观指标；数据失配、主观质量和实时性应同时报告。","notes/2020-INTERSPEECH-DNS-Challenge"
"2020-NEURIPS-wav2vec2","2020","NeurIPS","","SSLRepresentation","Representation","To read","wav2vec 2.0: A Framework for Self-Supervised Learning of Speech Representations","contrastive learning；quantization；masked latent","https://arxiv.org/abs/2006.11477","https://github.com/facebookresearch/fairseq/tree/main/examples/wav2vec","","","在连续潜表示上做掩码，并用量化目标进行对比学习，显著降低 ASR 对标注数据的需求。","将 front-end 从固定特征推进到大规模自监督表示；适合作为内容导向表示学习的主干基线。","notes/2020-NEURIPS-wav2vec2"
"2020-INTERSPEECH-VoiceFilter-Lite","2020","Interspeech","","Streaming","Separation","To read","VoiceFilter-Lite: Streaming Targeted Voice Separation for On-Device Speech Recognition","target speaker；streaming；on-device","https://arxiv.org/abs/2009.04323","","","","用目标说话人条件做流式单通道语音分离，并针对设备端算力、延迟与非重叠场景退化进行设计。","把算法指标与真实部署约束放在同一问题中，适合作为流式个性化前端的设计样板。","notes/2020-INTERSPEECH-VoiceFilter-Lite"
"2021-ICASSP-FullSubNet","2021","ICASSP","","SpeechEnhancement","Enhancement","To read","FullSubNet: A Full-Band and Sub-Band Fusion Model for Real-Time Single-Channel Speech Enhancement","full-band；sub-band；real-time","https://arxiv.org/abs/2010.15508","https://github.com/Audio-WestlakeU/FullSubNet","","","串联全频带与子带模型，同时利用全局跨频依赖和局部谱模式。","提供了清晰的多尺度频谱建模范式，也便于研究性能、延迟和复杂度之间的折中。","notes/2021-ICASSP-FullSubNet"
"2021-ICASSP-SepFormer","2021","ICASSP","","SpeechSeparation","Separation","To read","Attention is All You Need in Speech Separation","SepFormer；dual-path；transformer","https://arxiv.org/abs/2010.13154","https://github.com/speechbrain/speechbrain/tree/develop/recipes/WSJ0Mix/separation","","","用多尺度 Transformer 建模片段内与片段间依赖，构成无 RNN 的时域分离器。","是 dual-path 分离架构的重要代表，适合与 Conv-TasNet 对比长程建模收益及计算代价。","notes/2021-ICASSP-SepFormer"
"2021-INTERSPEECH-MetricGANPlus","2021","Interspeech","","SpeechEnhancement","Enhancement","To read","MetricGAN+: An Improved Version of MetricGAN for Speech Enhancement","metric learning；PESQ；perceptual quality","https://arxiv.org/abs/2104.03538","https://github.com/speechbrain/speechbrain/tree/develop/recipes/Voicebank/enhance/MetricGAN","","","通过学习不可微评价指标的代理判别器，让增强模型更直接地优化感知质量。","适合研究训练目标与感知评价的错位，同时也提示必须检查代理指标过拟合和域外泛化。","notes/2021-INTERSPEECH-MetricGANPlus"
"2021-TASLP-HuBERT","2021","IEEE/ACM TASLP","","SSLRepresentation","Representation","To read","HuBERT: Self-Supervised Speech Representation Learning by Masked Prediction of Hidden Units","masked prediction；offline clustering；hidden units","https://arxiv.org/abs/2106.07447","https://github.com/facebookresearch/fairseq/tree/main/examples/hubert","","","用离线聚类生成隐藏单元目标，并仅在掩码区域预测这些离散目标。","提供不同于对比学习的伪标签路线，是分析层级语音表示和下游迁移能力的核心文献。","notes/2021-TASLP-HuBERT"
"2021-ICLR-LEAF","2021","ICLR","","LearnableFrontend","Feature","To read","LEAF: A Learnable Frontend for Audio Classification","Gabor filters；PCEN；learnable pooling","https://arxiv.org/abs/2101.08596","https://github.com/google-research/leaf-audio","","","把滤波、池化、压缩和归一化组成轻量、可微、可替换 mel 滤波器组的前端。","适合直接检验学习型前端是否在不同语音任务和噪声条件下真正优于固定特征。","notes/2021-ICLR-LEAF"
"2021-SLT-SUPERB","2021","SLT","","Benchmark","Evaluation","To read","SUPERB: Speech processing Universal PERformance Benchmark","SUPERB；frozen encoder；transfer learning","https://arxiv.org/abs/2105.01051","https://github.com/s3prl/s3prl","","https://superbbenchmark.org/","以冻结的共享语音表示和轻量任务头，系统评估模型跨多类语音任务的迁移能力。","为通用 speech front-end 提供比单一 ASR WER 更完整的评价框架。","notes/2021-SLT-SUPERB"
"2022-JSTSP-WavLM","2022","IEEE JSTSP","","SSLRepresentation","Representation","To read","WavLM: Large-Scale Self-Supervised Pre-Training for Full Stack Speech Processing","masked prediction；denoising；94k hours","https://arxiv.org/abs/2110.13900","https://github.com/microsoft/unilm/tree/master/wavlm","","","把掩码语音预测与去噪联合起来，并扩展预训练数据以覆盖更广的语音处理任务。","相比偏内容建模的 SSL 路线，WavLM 更直接面向说话人、分离与副语言等全栈前端需求。","notes/2022-JSTSP-WavLM"
"2022-IWAENC-DeepFilterNet2","2022","IWAENC","","Streaming","Enhancement","To read","DeepFilterNet2: Towards Real-Time Speech Enhancement on Embedded Devices for Full-Band Audio","deep filtering；48 kHz；embedded","https://arxiv.org/abs/2205.05474","https://github.com/Rikorose/DeepFilterNet","","","利用语音谐波结构与深度滤波，在 48 kHz 全频带音频上实现低复杂度实时增强。","是评价嵌入式前端时很好的工程参照：除质量外还应记录实时因子、缓存、参数量与平台。","notes/2022-IWAENC-DeepFilterNet2"
"2022-INTERSPEECH-CMGAN","2022","Interspeech","","SpeechEnhancement","Enhancement","To read","CMGAN: Conformer-based Metric GAN for Speech Enhancement","Conformer；metric GAN；complex spectrum","https://arxiv.org/abs/2203.15149","https://github.com/ruizhecao96/CMGAN","","","用两阶段 Conformer 聚合时频信息，并联合幅度与复数谱解码以及指标判别器。","适合观察长程时频建模与感知指标优化的组合收益，也应与更轻量的实时模型公平比较。","notes/2022-INTERSPEECH-CMGAN"
"2023-TASLP-TF-GridNet","2023","IEEE/ACM TASLP","","SpeechSeparation","Separation","To read","TF-GridNet: Integrating Full- and Sub-Band Modeling for Speech Separation","full-band；sub-band；complex mapping","https://arxiv.org/abs/2211.12433","","","","在时频域交替建模帧内全频带、子带时间上下文与跨帧依赖，并预测复数谱。","重新证明时频域在强结构设计下仍具竞争力，适合与 Conv-TasNet、SepFormer 比较表示域和长程建模选择。","notes/2023-TASLP-TF-GridNet"
"2023-INTERSPEECH-MP-SENet","2023","Interspeech","","SpeechEnhancement","Enhancement","To read","MP-SENet: A Speech Enhancement Model with Parallel Denoising of Magnitude and Phase Spectra","magnitude；phase；parallel denoising","https://arxiv.org/abs/2305.13686","https://github.com/yxlu-0102/MP-SENet","","","以并行解码器显式恢复幅度与包裹相位，并在多个谱域和时域目标上联合训练。","为“相位应隐式恢复还是显式建模”提供直接实验对象，可与 DCCRN、CMGAN 组成连续比较。","notes/2023-INTERSPEECH-MP-SENet"
"2024-TASLP-SpatialNet","2024","IEEE/ACM TASLP","","Beamforming","Spatial","To read","SpatialNet: Extensively Learning Spatial Information for Multichannel Joint Speech Separation, Denoising and Dereverberation","narrow-band；cross-band；spatial cues","https://arxiv.org/abs/2307.16516","https://github.com/Audio-WestlakeU/NBSS","","https://audio.westlake.edu.cn/Research/SpatialNet.htm","交替使用窄带与跨带模块，在 STFT 域联合完成多通道分离、降噪和去混响。","代表从显式掩码波束形成走向端到端空间建模的路线，适合检查阵列泛化和长时流式能力。","notes/2024-TASLP-SpatialNet"
"2025-INTERSPEECH-ClearerVoice-Studio","2025","Interspeech","","SpeechEnhancement","System","To read","ClearerVoice-Studio: Bridging Advanced Speech Processing Research and Practical Deployment","toolkit；pretrained models；deployment","https://arxiv.org/abs/2506.19398","https://github.com/modelscope/ClearerVoice-Studio","","","把增强、分离、超分辨率、目标说话人提取、评价与部署工具整合进统一开源工具箱。","提供从论文模型走向可用系统的工程参照，也便于快速建立复现、推理和主观试听基线。","notes/2025-INTERSPEECH-ClearerVoice-Studio"
